date,TempInSitu,Serial,SalinityInSitu_1pCal
2021-01-15 08:24:42,23.28,316,34.83656298
2021-01-15 08:24:52,23.28,316,34.59268213
2021-01-15 08:25:02,23.28,316,34.90039294
2021-01-15 08:25:12,23.28,316,34.72214442
2021-01-15 08:25:22,23.28,316,34.53603634
2021-01-15 08:25:32,23.27,316,34.42168249
2021-01-15 08:25:42,23.28,316,34.3234635
2021-01-15 08:25:52,23.28,316,34.25828513
2021-01-15 08:26:02,23.28,316,34.17785107
2021-01-15 08:26:12,23.29,316,34.12378799
2021-01-15 08:26:22,23.29,316,34.08385295
2021-01-15 08:26:32,23.3,316,34.03923965
2021-01-15 08:26:42,23.3,316,34.02388061
2021-01-15 08:26:52,23.3,316,33.97801131
2021-01-15 08:27:02,23.32,316,33.96867181
2021-01-15 08:27:12,23.32,316,33.9198035
2021-01-15 08:27:22,23.32,316,33.90768938
2021-01-15 08:27:32,23.32,316,33.8893174
2021-01-15 08:27:42,23.33,316,33.91211965
2021-01-15 08:27:52,23.33,316,33.86650287
2021-01-15 08:28:02,23.33,316,33.8877968
2021-01-15 08:28:12,23.33,316,33.85732082
2021-01-15 08:28:22,23.34,316,33.82836619
2021-01-15 08:28:32,23.34,316,33.82836658
2021-01-15 08:28:42,23.34,316,33.83139323
2021-01-15 08:28:52,23.35,316,33.8450123
2021-01-15 08:29:02,23.35,316,33.81162974
2021-01-15 08:29:12,23.35,316,33.80557939
2021-01-15 08:29:22,23.35,316,33.80255447
2021-01-15 08:29:32,23.37,316,33.76900543
2021-01-15 08:29:42,23.37,316,33.76900581
2021-01-15 08:29:52,23.37,316,33.78412486
2021-01-15 08:30:02,23.37,316,33.77203024
2021-01-15 08:30:12,23.37,316,33.73262574
2021-01-15 08:30:22,23.38,316,33.75833994
2021-01-15 08:30:32,23.37,316,33.75389015
2021-01-15 08:30:42,23.38,316,33.73718158
2021-01-15 08:30:52,23.38,316,33.7281144
2021-01-15 08:31:02,23.38,316,33.7249916
2021-01-15 08:31:12,23.38,316,33.74020535
2021-01-15 08:31:22,23.39,316,33.74767915
2021-01-15 08:31:32,23.39,316,33.73256937
2021-01-15 08:31:42,23.39,316,33.74767992
2021-01-15 08:31:52,23.39,316,33.7355921
2021-01-15 08:32:02,23.39,316,33.7173607
2021-01-15 09:54:32,29.16,316,34.87083632
2021-01-15 09:54:42,29.19,316,34.75244452
2021-01-15 09:54:52,29.14,316,34.75444554
2021-01-15 09:55:02,29.15,316,34.69571793
2021-01-15 09:55:12,29.16,316,34.6200643
2021-01-15 09:55:22,29.19,316,34.48609131
2021-01-15 09:55:32,29.2,316,34.49583116
2021-01-15 09:55:42,29.17,316,34.54809162
2021-01-15 09:55:52,29.17,316,34.48010693
2021-01-15 09:56:02,29.17,316,34.49034897
2021-01-15 09:56:12,29.17,316,34.48355168
2021-01-15 09:56:22,29.14,316,34.48821309
2021-01-15 09:56:32,29.15,316,34.47420813
2021-01-15 09:56:42,29.15,316,34.48436294
2021-01-15 09:56:52,29.14,316,34.43399139
2021-01-15 09:57:02,29.15,316,34.40984842
2021-01-15 09:57:12,29.15,316,34.37604449
2021-01-15 09:57:22,29.15,316,34.369339
2021-01-15 09:57:32,29.14,316,34.36981377
2021-01-15 09:57:42,29.15,316,34.36598685
2021-01-15 09:57:52,29.15,316,34.34913318
2021-01-15 09:58:02,29.16,316,34.30155959
2021-01-15 09:58:12,29.14,316,34.32595249
2021-01-15 09:58:22,29.14,316,34.35966467
2021-01-15 09:58:32,29.12,316,34.34365628
2021-01-15 09:58:42,29.12,316,34.41456174
2021-01-15 09:58:52,29.12,316,34.39760437
2021-01-15 09:59:02,29.14,316,34.34280948
2021-01-15 09:59:12,29.12,316,34.38418495
2021-01-15 09:59:22,29.12,316,34.34365802
2021-01-15 09:59:32,29.12,316,34.39760577
2021-01-15 09:59:42,29.12,316,34.33695024
2021-01-15 09:59:52,29.14,316,34.383233
2021-01-15 10:00:02,29.12,316,34.35716765
2021-01-15 10:00:12,29.14,316,34.31925118
2021-01-15 10:00:22,29.14,316,34.29234112
2021-01-15 10:00:32,29.14,316,34.33945958
2021-01-15 10:00:42,29.12,316,34.32009144
2021-01-15 10:00:52,29.12,316,34.32009178
2021-01-15 10:01:02,29.12,316,34.33024477
2021-01-15 10:01:12,29.14,316,34.31590061
2021-01-15 10:01:22,29.11,316,34.33062136
2021-01-15 10:01:32,29.12,316,34.31003166
2021-01-15 10:01:42,29.1,316,34.33444378
2021-01-15 10:01:52,29.09,316,34.34162304
2021-01-15 10:02:02,29.11,316,34.33742291
2021-01-15 10:02:12,29.11,316,34.30378726
2021-01-15 10:02:22,29.11,316,34.24668204
2021-01-15 10:02:32,29.11,316,34.29707952
2021-01-15 10:02:42,29.14,316,34.24532887
2021-01-15 10:02:52,29.16,316,34.19752693
2021-01-15 10:03:02,29.16,316,34.20757619
2021-01-15 10:03:12,29.17,316,34.2004333
2021-01-15 10:03:22,29.16,316,34.16077655
2021-01-15 10:03:32,29.15,316,34.21807344
2021-01-15 10:03:42,29.15,316,34.21807378
2021-01-15 10:03:52,29.15,316,34.20132235
2021-01-15 10:04:02,29.15,316,34.24488007
2021-01-15 10:04:12,29.15,316,34.18792257
2021-01-15 10:04:22,29.14,316,34.21517077
2021-01-15 10:04:32,29.15,316,34.19797355
2021-01-15 10:04:42,29.14,316,34.17505322
2021-01-15 10:04:52,29.16,316,34.17743471
2021-01-15 10:05:02,29.16,316,34.1708272
2021-01-15 10:05:12,29.16,316,34.16078037
2021-01-15 10:05:22,29.19,316,34.12265526
2021-01-15 10:05:32,29.19,316,34.09597526
2021-01-15 10:05:42,29.19,316,34.11270696
2021-01-15 10:05:52,29.17,316,34.13355998
2021-01-15 10:06:02,29.19,316,34.12934987
2021-01-15 10:06:12,29.19,316,34.09932282
2021-01-15 10:06:22,29.16,316,34.10403877
2021-01-15 10:06:32,29.17,316,34.11356513
2021-01-15 10:06:42,29.17,316,34.09031431
2021-01-15 10:06:52,29.19,316,34.0860303
2021-01-15 10:07:02,29.19,316,34.10267077
2021-01-15 10:07:12,29.2,316,34.10559016
2021-01-15 10:07:22,29.2,316,34.05893691
2021-01-15 10:07:32,29.2,316,34.10893657
2021-01-15 10:07:42,29.19,316,34.08937804
2021-01-15 10:07:52,29.19,316,34.09932629
2021-01-15 10:08:02,29.2,316,34.07557329
2021-01-15 10:08:12,29.2,316,34.06897373
2021-01-15 10:08:22,29.19,316,34.05275708
2021-01-15 10:08:32,29.2,316,34.06228432
2021-01-15 10:08:42,29.2,316,34.04899548
2021-01-15 10:08:52,29.19,316,34.07274139
2021-01-15 10:09:02,29.2,316,34.06563039
2021-01-15 10:09:12,29.2,316,34.05894073
2021-01-15 10:09:22,29.2,316,34.06563108
2021-01-15 10:09:32,29.19,316,34.03612329
2021-01-15 10:09:42,29.2,316,34.0456528
2021-01-15 10:09:52,29.2,316,34.03570956
2021-01-15 10:10:02,29.21,316,34.02191986
2021-01-15 10:10:12,29.21,316,34.03854928
2021-01-15 10:10:22,29.25,316,34.05332486
2021-01-15 10:10:32,29.22,316,34.10130736
2021-01-15 10:10:42,29.19,316,34.15604413
2021-01-15 10:10:52,29.2,316,34.14891525
2021-01-15 10:11:02,29.2,316,34.15895493
2021-01-15 10:11:12,29.2,316,34.15895528
2021-01-15 10:11:22,29.2,316,34.15895563
2021-01-15 10:11:32,29.19,316,34.13270803
2021-01-15 10:11:42,29.2,316,34.15560983
2021-01-15 10:11:52,29.19,316,34.1260154
2021-01-15 10:12:02,29.2,316,34.15226408
2021-01-15 10:12:12,29.2,316,34.11220163
2021-01-15 10:12:22,29.2,316,34.10560093
2021-01-15 10:12:32,29.2,316,34.0822732
2021-01-15 10:12:42,29.19,316,34.03947511
2021-01-15 10:12:52,29.19,316,34.04942103
2021-01-15 10:13:02,29.17,316,34.04699846
2021-01-15 10:13:12,29.16,316,34.09409949
2021-01-15 10:13:22,29.15,316,34.08791753
2021-01-15 10:13:32,29.16,316,34.0242576
2021-01-15 10:13:42,29.12,316,34.04934875
2021-01-15 10:13:52,29.12,316,34.04934909
2021-01-15 10:14:02,29.1,316,34.00716563
2021-01-15 10:14:12,29.09,316,33.97461056
2021-01-15 10:14:22,29.09,316,33.99444197
2021-01-15 10:14:32,29.1,316,33.99394737
2021-01-15 10:14:42,29.08,316,34.0115131
2021-01-15 10:14:52,29.06,316,34.04232287
2021-01-15 10:15:02,29,316,34.0320025
2021-01-15 10:15:12,28.93,316,34.05866296
2021-01-15 10:15:22,28.83,316,33.9877942
2021-01-15 10:15:32,28.73,316,33.94381388
2021-01-15 10:15:42,28.66,316,33.9970708
2021-01-15 10:15:52,28.7,316,33.98828768
2021-01-15 10:16:02,28.71,316,33.95807971
2021-01-15 10:16:12,28.72,316,33.97729037
2021-01-15 10:16:22,28.72,316,34.04321051
2021-01-15 10:16:32,28.73,316,34.0129951
2021-01-15 10:16:42,28.76,316,34.01462218
2021-01-15 10:16:52,28.76,316,33.99485241
2021-01-15 10:17:02,28.76,316,33.99485276
2021-01-15 10:17:12,28.76,316,33.97180548
2021-01-15 10:17:22,28.71,316,33.97121134
2021-01-15 10:17:32,28.71,316,33.98771505
2021-01-15 10:17:42,28.73,316,33.95037991
2021-01-15 10:17:52,28.77,316,33.994275880000004
2021-01-15 10:18:02,28.79,316,33.9998566
2021-01-15 10:18:12,28.79,316,34.00313494
2021-01-15 10:18:22,28.81,316,33.99542009
2021-01-15 10:18:32,28.81,316,33.98559055
2021-01-15 10:18:42,28.82,316,33.95862498
2021-01-15 10:18:52,28.81,316,33.93617565
2021-01-15 10:19:02,28.73,316,33.64676235
2021-01-15 10:19:12,28.82,316,33.86338375
2021-01-15 10:19:22,28.77,316,33.68663324
2021-01-15 10:19:32,28.7,316,33.50649011
2021-01-15 10:19:42,28.73,316,33.43074265
2021-01-15 10:19:52,28.73,316,33.4115619
2021-01-15 10:20:02,28.79,316,33.79626917
2021-01-15 10:20:12,28.82,316,33.85683781
2021-01-15 10:20:22,28.83,316,33.86283059
2021-01-15 10:20:32,28.83,316,33.91866908
2021-01-15 10:20:42,28.83,316,33.86283129
2021-01-15 10:20:52,28.84,316,33.85900308
2021-01-15 10:21:02,28.83,316,33.81364476
2021-01-15 10:21:12,28.81,316,33.68763903
2021-01-15 10:21:22,28.84,316,33.91483109
2021-01-15 10:21:32,28.82,316,33.97510025
2021-01-15 10:21:42,28.81,316,33.89669378
2021-01-15 10:21:52,28.79,316,33.88798794
2021-01-15 10:22:02,28.81,316,33.8770443
2021-01-15 10:22:12,28.78,316,33.74459766
2021-01-15 10:22:22,28.81,316,33.76572833
2021-01-15 10:22:32,28.79,316,33.76689398
2021-01-15 10:22:42,28.78,316,33.71858524
2021-01-15 10:22:52,28.83,316,33.73857144
2021-01-15 10:23:02,28.84,316,33.72495564
2021-01-15 10:23:12,28.84,316,33.84264455
2021-01-15 10:23:22,28.87,316,33.79511159
2021-01-15 10:23:32,28.97,316,33.78322872
2021-01-15 10:23:42,28.89,316,33.66040725
2021-01-15 10:23:52,28.9,316,33.70534699
2021-01-15 10:24:02,29.06,316,33.87710315
2021-01-15 10:24:12,28.95,316,33.69291431
2021-01-15 10:24:22,28.99,316,33.72006925
2021-01-15 10:24:32,29.06,316,33.69036901
2021-01-15 10:24:42,29.09,316,33.83288083
2021-01-15 10:24:52,29.05,316,33.69080796
2021-01-15 10:25:02,29.05,316,33.73660274
2021-01-15 10:25:12,29.1,316,33.77651264
2021-01-15 10:25:22,29.06,316,33.76547951
2021-01-15 10:25:32,29.06,316,33.72294512
2021-01-15 10:25:42,29.06,316,33.73280914
2021-01-15 10:25:52,29.04,316,33.730533
2021-01-15 10:26:02,29.04,316,33.71749793
2021-01-15 10:26:12,29.05,316,33.81183453
2021-01-15 10:26:22,29.05,316,33.82831467
2021-01-15 10:26:32,29.09,316,33.87559931
2021-01-15 10:26:42,29.24,316,33.98739086
2021-01-15 10:26:52,29.19,316,33.84439459
2021-01-15 10:27:02,29.22,316,33.95189041
2021-01-15 10:27:12,29.26,316,33.94009179
2021-01-15 10:27:22,29.25,316,33.96378189
2021-01-15 10:27:32,29.22,316,33.92876933
2021-01-15 10:27:42,29.24,316,33.88816755
2021-01-15 10:27:52,29.17,316,33.87172293
2021-01-15 10:28:02,29.15,316,33.84636459
2021-01-15 10:28:12,29.14,316,33.82712501
2021-01-15 10:28:22,29.24,316,33.99732846
2021-01-15 10:28:32,29.21,316,33.95563578
2021-01-15 10:28:42,29.17,316,33.93110831
2021-01-15 10:28:52,29.19,316,34.04285408
2021-01-15 10:29:02,29.16,316,33.98783975
2021-01-15 10:29:12,29.16,316,33.85900325
2021-01-15 10:29:22,29.15,316,33.91227583
2021-01-15 10:29:32,29.17,316,33.91791224
2021-01-15 10:29:42,29.17,316,33.88492168
2021-01-15 10:29:52,29.19,316,33.88062586
2021-01-15 10:30:02,29.15,316,33.85947649
2021-01-15 10:30:12,29.15,316,33.82657345
2021-01-15 10:30:22,29.19,316,33.84765374
2021-01-15 10:30:32,29.2,316,33.79462773
2021-01-15 10:30:42,29.21,316,33.8764237
2021-01-15 10:30:52,29.24,316,33.87165613
2021-01-15 10:31:02,29.25,316,33.86459313
2021-01-15 10:31:12,29.26,316,33.85753261
2021-01-15 10:31:22,29.33,316,33.7293667
2021-01-15 10:31:32,29.38,316,33.68770423
2021-01-15 10:31:42,29.44,316,33.56079998
2021-01-15 10:31:52,29.43,316,33.62329638
2021-01-15 10:32:02,29.41,316,33.62740104
2021-01-15 10:32:12,29.37,316,33.21239321
2021-01-15 10:32:22,29.24,316,33.03796135
2021-01-15 10:32:32,29.24,316,33.818955
2021-01-15 10:32:42,29.26,316,33.765441
2021-01-15 10:32:52,29.25,316,33.788899549999996
2021-01-15 10:33:02,29.21,316,33.29761239
2021-01-15 10:33:12,29.22,316,33.10886029
2021-01-15 10:33:22,29.19,316,33.41767301
2021-01-15 10:33:32,29.16,316,33.08043148
2021-01-15 10:33:42,29.19,316,32.98703261
2021-01-15 10:33:52,29.16,316,32.7441798
2021-01-15 10:34:02,29.16,316,32.54566985
2021-01-15 10:34:12,29.15,316,32.5679127
2021-01-15 10:34:22,29.21,316,32.73808061
2021-01-15 10:34:32,29.24,316,32.79878143
2021-01-15 10:34:42,29.25,316,32.84833818
2021-01-15 10:34:52,29.22,316,32.84066771
2021-01-15 10:35:02,29.28,316,33.02625224
2021-01-15 10:35:12,29.3,316,33.06952504
2021-01-15 10:35:22,29.27,316,33.13154456
2021-01-15 10:35:32,29.31,316,33.39210233
2021-01-15 10:35:42,29.3,316,33.37333221
2021-01-15 10:35:52,29.3,316,33.59679284
2021-01-15 10:36:02,29.3,316,33.56428989
2021-01-15 10:36:12,29.28,316,33.63359032
2021-01-15 10:36:22,29.27,316,33.68962787
2021-01-15 10:36:32,29.27,316,33.56248984
2021-01-15 10:36:42,29.28,316,32.89379456
2021-01-15 10:36:52,29.3,316,32.97461179
2021-01-15 10:37:02,29.36,316,33.08225836
2021-01-15 10:37:12,29.27,316,32.79705039
2021-01-15 10:37:22,29.3,316,32.88323886
2021-01-15 10:37:32,29.26,316,32.68219153
2021-01-15 10:37:42,29.3,316,33.00936043
2021-01-15 10:37:52,29.27,316,32.92579364
2021-01-15 10:38:02,29.31,316,32.88267469
2021-01-15 10:38:12,29.32,316,32.91673867
2021-01-15 10:38:22,29.33,316,33.09340743
2021-01-15 10:38:32,29.22,316,32.6224521
2021-01-15 10:38:42,29.26,316,32.74769798
2021-01-15 10:38:52,29.31,316,32.9392988
2021-01-15 10:39:02,29.38,316,33.20235647
2021-01-15 10:39:12,29.39,316,33.3720156
2021-01-15 10:39:22,29.32,316,33.30792848
2021-01-15 10:39:32,29.27,316,33.89343148
2021-01-15 10:39:42,29.27,316,33.91319073
2021-01-15 10:39:52,29.24,316,33.95761868
2021-01-15 10:40:02,29.27,316,33.76499949
2021-01-15 10:40:12,29.25,316,33.93401772
2021-01-15 10:40:22,29.26,316,33.87072422
2021-01-15 10:40:32,29.27,316,33.78465728
2021-01-15 10:40:42,29.28,316,33.76778933
2021-01-15 10:40:52,29.27,316,33.72560305
2021-01-15 10:41:02,29.28,316,33.70226166
2021-01-15 10:41:12,29.3,316,33.61310246
2021-01-15 10:41:22,29.32,316,33.7003889
2021-01-15 10:41:32,29.28,316,33.57171721
2021-01-15 10:41:42,29.33,316,33.67698474
2021-01-15 10:41:52,29.31,316,33.57675347
2021-01-15 10:42:02,29.33,316,33.74244669
2021-01-15 10:42:12,29.35,316,33.66296232
2021-01-15 10:42:22,29.33,316,33.69337204
2021-01-15 10:42:32,29.35,316,33.74487026
2021-01-15 10:42:42,29.36,316,33.77069983
2021-01-15 10:42:52,29.36,316,33.71489507
2021-01-15 10:43:02,29.35,316,33.71201458
2021-01-15 10:43:12,29.35,316,33.71534537
2021-01-15 10:43:22,29.35,316,33.78754833
2021-01-15 10:43:32,29.31,316,33.90810608
2021-01-15 10:43:42,29.32,316,33.87463246
2021-01-15 10:43:52,29.36,316,33.72470698
2021-01-15 10:44:02,29.36,316,33.69194966
2021-01-15 10:44:12,29.35,316,33.81393447
2021-01-15 10:44:22,29.37,316,33.70131177
2021-01-15 10:44:32,29.37,316,33.69150514
2021-01-15 10:44:42,29.38,316,33.72704432
2021-01-15 10:44:52,29.38,316,33.68449362
2021-01-15 10:45:02,29.37,316,33.69150618
2021-01-15 10:45:12,29.38,316,33.65499247
2021-01-15 10:45:22,29.37,316,33.59993711
2021-01-15 10:45:32,29.37,316,33.66856608
2021-01-15 10:45:42,29.37,316,33.62278155
2021-01-15 10:45:52,29.36,316,33.63311042
2021-01-15 10:46:02,29.38,316,33.6615598
2021-01-15 10:46:12,29.38,316,33.66156015
2021-01-15 10:46:22,29.37,316,33.58366228
2021-01-15 10:46:32,29.36,316,33.58741629
2021-01-15 10:46:42,29.36,316,33.55486011
2021-01-15 10:46:52,29.37,316,33.52836716
2021-01-15 10:47:02,29.35,316,33.5163387
2021-01-15 10:47:12,29.36,316,33.62330761
2021-01-15 10:47:22,29.35,316,33.53909241
2021-01-15 10:47:32,29.33,316,33.53030041
2021-01-15 10:47:42,29.35,316,33.5488066
2021-01-15 10:47:52,29.37,316,33.5967048
2021-01-15 10:48:02,29.33,316,33.56278187
2021-01-15 10:48:12,29.38,316,33.59295036
2021-01-15 10:48:22,29.41,316,33.53299439
2021-01-15 10:48:32,29.43,316,33.60697999
2021-01-15 10:48:42,29.42,316,33.75805928
2021-01-15 10:48:52,29.42,316,33.76138659
2021-01-15 10:49:02,29.41,316,33.63732306
2021-01-15 10:49:12,29.41,316,33.56551985
2021-01-15 10:49:22,29.39,316,33.70690288
2021-01-15 10:49:32,29.39,316,33.64476095
2021-01-15 10:49:42,29.41,316,33.70933224
2021-01-15 10:49:52,29.39,316,33.6611273
2021-01-15 10:50:02,29.41,316,33.66348243
2021-01-15 10:50:12,29.41,316,33.65359475
2021-01-15 10:50:22,29.41,316,33.66348312
2021-01-15 10:50:32,29.41,316,33.62096826
2021-01-15 10:50:42,29.41,316,33.61440783
2021-01-15 10:50:52,29.39,316,33.64476371
2021-01-15 10:51:02,29.39,316,33.62839966
2021-01-15 10:51:12,29.39,316,33.61212679
2021-01-15 10:51:22,29.41,316,33.67984638
2021-01-15 10:51:32,29.39,316,33.69053817
2021-01-15 10:51:42,29.38,316,33.6354003
2021-01-15 10:51:52,29.38,316,33.67794181
2021-01-15 10:52:02,29.38,316,33.67794216
2021-01-15 10:52:12,29.38,316,33.64520393
2021-01-15 10:52:22,29.39,316,33.66113248
2021-01-15 10:52:32,29.41,316,33.65036361
2021-01-15 10:52:42,29.39,316,33.64800457
2021-01-15 10:52:52,29.42,316,33.6662824
2021-01-15 10:53:02,29.39,316,33.65780667
2021-01-15 10:53:12,29.41,316,33.66672517
2021-01-15 10:53:22,29.41,316,33.69621299
2021-01-15 10:53:32,29.42,316,33.68587813
2021-01-15 10:53:42,29.42,316,33.66628413
2021-01-15 10:53:52,29.43,316,33.65928245
2021-01-15 10:54:02,29.42,316,33.65972382
2021-01-15 10:54:12,29.42,316,33.67608211
2021-01-15 10:54:22,29.41,316,33.71590564
2021-01-15 10:54:32,29.42,316,33.6858802
2021-01-15 10:54:42,29.41,316,33.627448
2021-01-15 10:54:52,29.39,316,33.64800906
2021-01-15 10:55:02,29.39,316,33.64144541
2021-01-15 10:55:12,29.39,316,33.66437566
2021-01-15 10:55:22,29.41,316,33.73227296
2021-01-15 10:55:32,29.42,316,33.64660553
2021-01-15 10:55:42,29.41,316,33.70934467
2021-01-15 10:55:52,29.41,316,33.65360649
2021-01-15 10:56:02,29.42,316,33.65316716
2021-01-15 10:56:12,29.42,316,33.58137154
2021-01-15 10:56:22,29.42,316,33.62045677
2021-01-15 10:56:32,29.41,316,33.5785639
2021-01-15 10:56:42,29.39,316,33.53070102
2021-01-15 10:56:52,29.39,316,33.55343949
2021-01-15 10:57:02,29.39,316,33.52423124
2021-01-15 10:57:12,29.39,316,33.53070206
2021-01-15 10:57:22,29.38,316,33.5214116
2021-01-15 10:57:32,29.38,316,33.57669627
2021-01-15 10:57:42,29.38,316,33.60933465
2021-01-15 10:57:52,29.37,316,33.56741046
2021-01-15 10:58:02,29.38,316,33.54415421
2021-01-15 10:58:12,29.39,316,33.54697107
2021-01-15 10:58:22,29.41,316,33.51675511
2021-01-15 10:58:32,29.41,316,33.55574559
2021-01-15 10:58:42,29.42,316,33.47081018
2021-01-15 10:58:52,29.43,316,33.49302942
2021-01-15 10:59:02,29.44,316,33.43104453
2021-01-15 10:59:12,29.43,316,33.45415542
2021-01-15 10:59:22,29.44,316,33.43427608
2021-01-15 10:59:32,29.44,316,33.37926875
2021-01-15 10:59:42,29.43,316,33.4249827
2021-01-15 10:59:52,29.43,316,33.43153557
2021-01-15 11:00:02,29.42,316,33.43193533
2021-01-15 11:00:12,29.42,316,33.47081329
2021-01-15 11:00:22,29.42,316,33.461116
2021-01-15 11:00:32,29.39,316,33.50150351
2021-01-15 11:00:42,29.39,316,33.50150386
2021-01-15 11:00:52,29.38,316,33.50191547
2021-01-15 11:01:02,29.39,316,33.50150455
2021-01-15 11:01:12,29.38,316,33.46956432
2021-01-15 11:01:22,29.38,316,33.42419058
2021-01-15 11:01:32,29.39,316,33.46906981
2021-01-15 11:01:42,29.36,316,33.45104967
2021-01-15 11:01:52,29.39,316,33.43987358
2021-01-15 11:02:02,29.39,316,33.43017246
2021-01-15 11:02:12,29.39,316,33.43017281
2021-01-15 11:02:22,29.39,316,33.44634251
2021-01-15 11:02:32,29.37,316,33.50565598
2021-01-15 11:02:42,29.39,316,33.55021596
2021-01-15 11:02:52,29.38,316,33.58327049
2021-01-15 11:03:02,29.35,316,33.58796675
2021-01-15 11:03:12,29.32,316,33.66441515
2021-01-15 11:03:22,29.35,316,33.61072819
2021-01-15 11:03:32,29.32,316,33.60895848
2021-01-15 11:03:42,29.33,316,33.56938304
2021-01-15 11:03:52,29.3,316,33.5936094
2021-01-15 11:04:02,29.28,316,33.60437022
2021-01-15 11:04:12,29.27,316,33.61786246
2021-01-15 11:04:22,29.27,316,33.59831165
2021-01-15 11:04:32,29.24,316,33.63565042
2021-01-15 11:04:42,29.24,316,33.62582374
2021-01-15 11:04:52,29.26,316,33.57278888
2021-01-15 11:05:02,29.26,316,33.56630221
2021-01-15 11:05:12,29.22,316,33.60080367
2021-01-15 11:05:22,29.24,316,33.59328203
2021-01-15 11:05:32,29.22,316,33.57808123
2021-01-15 11:05:42,29.24,316,33.58679274
2021-01-15 11:05:52,29.24,316,33.554256
2021-01-15 11:06:02,29.22,316,33.59106662
2021-01-15 11:06:12,29.24,316,33.57705916
2021-01-15 11:06:22,29.22,316,33.6008061
2021-01-15 11:06:32,29.22,316,33.61712893
2021-01-15 11:06:42,29.24,316,33.59977499
2021-01-15 11:06:52,29.21,316,33.59158228
2021-01-15 11:07:02,29.21,316,33.61431133
2021-01-15 11:07:12,29.21,316,33.58508951
2021-01-15 11:07:22,29.19,316,33.5925206
2021-01-15 11:07:32,29.19,316,33.58277724
2021-01-15 11:07:42,29.19,316,33.59585951
2021-01-15 11:07:52,29.17,316,33.60988535
2021-01-15 11:08:02,29.19,316,33.61210096
2021-01-15 11:08:12,29.17,316,33.61963452
2021-01-15 11:08:22,29.15,316,33.62717259
2021-01-15 11:08:32,29.15,316,33.63367476
2021-01-15 11:08:42,29.16,316,33.60056329
2021-01-15 11:08:52,29.15,316,33.63367546
2021-01-15 11:09:02,29.14,316,33.60809485
2021-01-15 11:09:12,29.15,316,33.62717432
2021-01-15 11:09:22,29.16,316,33.63315612
2021-01-15 11:09:32,29.12,316,33.6547547
2021-01-15 11:09:42,29.14,316,33.63419745
2021-01-15 11:09:52,29.11,316,33.66829391
2021-01-15 11:10:02,29.11,316,33.66178664
2021-01-15 11:10:12,29.12,316,33.67752872
2021-01-15 11:10:22,29.11,316,33.6944178
2021-01-15 11:10:32,29.11,316,33.66178768
2021-01-15 11:10:42,29.12,316,33.68738059
2021-01-15 11:10:52,29.11,316,33.71719988
2021-01-15 11:11:02,29.1,316,33.72424551
2021-01-15 11:11:12,29.09,316,33.70850279
2021-01-15 11:11:22,29.1,316,33.69486004
2021-01-15 11:11:32,29.09,316,33.73129431
2021-01-15 11:11:42,29.09,316,33.74766577
2021-01-15 11:11:52,29.09,316,33.7411537
2021-01-15 11:12:02,29.09,316,33.76403885
2021-01-15 11:12:12,29.09,316,33.76403919
2021-01-15 11:12:22,29.09,316,33.75752662
2021-01-15 11:12:32,29.09,316,33.74115509
2021-01-15 11:12:42,29.09,316,33.75752731
2021-01-15 11:12:52,29.1,316,33.75047427
2021-01-15 11:13:02,29.1,316,33.75047462
2021-01-15 11:13:12,29.08,316,33.76458423
2021-01-15 11:13:22,29.08,316,33.73509169
2021-01-15 11:13:32,29.08,316,33.78096159
2021-01-15 11:13:42,29.08,316,33.78096194
2021-01-15 11:13:52,29.08,316,33.78096228
2021-01-15 11:14:02,29.05,316,33.81528454
2021-01-15 11:14:12,29.06,316,33.78848129
2021-01-15 11:14:22,29.05,316,33.81528524
2021-01-15 11:14:32,29.04,316,33.82235776
2021-01-15 11:14:42,29.06,316,33.79509027
2021-01-15 11:14:52,29.06,316,33.77870692
2021-01-15 11:15:02,29.05,316,33.77264364
2021-01-15 11:15:12,29.06,316,33.80160894
2021-01-15 11:15:22,29.06,316,33.78848372
2021-01-15 11:15:32,29.05,316,33.79554951
2021-01-15 11:15:42,29.06,316,33.79835115
2021-01-15 11:15:52,29.06,316,33.77210157
2021-01-15 11:16:02,29.05,316,33.80215992
2021-01-15 11:16:12,29.05,316,33.77916419
2021-01-15 11:16:22,29.04,316,33.80261918
2021-01-15 11:16:32,29.04,316,33.80923031
2021-01-15 11:16:42,29.03,316,33.8163025
2021-01-15 11:16:52,29.03,316,33.81630285
2021-01-15 11:17:02,29.05,316,33.80542149
2021-01-15 11:17:12,29.04,316,33.79284096
2021-01-15 11:17:22,29.03,316,33.80969169
2021-01-15 11:17:32,29.03,316,33.84909659
2021-01-15 11:17:42,29.03,316,33.79991032
2021-01-15 11:17:52,29.04,316,33.80923309
2021-01-15 11:18:02,29.03,316,33.81630528
2021-01-15 11:18:12,29.03,316,33.81630563
2021-01-15 11:18:22,29.03,316,33.79991171
2021-01-15 11:18:32,29.01,316,33.84024452
2021-01-15 11:18:42,29,316,33.86046983
2021-01-15 11:18:52,29,316,33.84732665
2021-01-15 11:19:02,29,316,33.82439575
2021-01-15 11:19:12,28.97,316,33.83575549
2021-01-15 11:19:22,28.99,316,33.85441162
2021-01-15 11:19:32,28.99,316,33.84462073
2021-01-15 11:19:42,28.99,316,33.83800318
2021-01-15 11:19:52,28.97,316,33.87520927
2021-01-15 11:20:02,28.98,316,33.82214743
2021-01-15 11:20:12,28.98,316,33.85170644
2021-01-15 11:20:22,28.98,316,33.83203078
2021-01-15 11:20:32,28.98,316,33.83855937
2021-01-15 11:20:42,28.99,316,33.83147823
2021-01-15 11:20:52,28.99,316,33.86103317
2021-01-15 11:21:02,28.99,316,33.90047627
2021-01-15 11:21:12,29.01,316,33.84686566
2021-01-15 11:21:22,29.01,316,33.85674442
2021-01-15 11:21:32,29.03,316,33.83596927
2021-01-15 11:21:42,29.03,316,33.80317931
2021-01-15 11:21:52,29,316,33.84733292
2021-01-15 11:22:02,29,316,33.81787659
2021-01-15 11:22:12,29,316,33.83428153
2021-01-15 11:22:22,28.98,316,33.86150432
2021-01-15 11:22:32,28.99,316,33.8150747
2021-01-15 11:22:42,28.98,316,33.8385639
2021-01-15 11:22:52,28.99,316,33.85441893
2021-01-15 11:23:02,28.98,316,33.84844801
2021-01-15 11:23:12,28.97,316,33.82270537
2021-01-15 11:23:22,28.97,316,33.85553483
2021-01-15 11:23:32,28.98,316,33.86150676
2021-01-15 11:23:42,28.97,316,33.8325002
2021-01-15 11:23:52,28.95,316,33.88940584
2021-01-15 11:24:02,28.95,316,33.85329369
2021-01-15 11:24:12,28.97,316,33.83250124
2021-01-15 11:24:22,28.95,316,33.85329439
2021-01-15 11:24:32,28.94,316,33.86038482
2021-01-15 11:24:42,28.93,316,33.89697884
2021-01-15 11:24:52,28.94,316,33.86038552
2021-01-15 11:25:02,28.92,316,33.89100641
2021-01-15 11:25:12,28.93,316,33.87401407
2021-01-15 11:25:22,28.9,316,33.91175188
2021-01-15 11:25:32,28.93,316,33.84115891
2021-01-15 11:25:42,28.89,316,33.86953196
2021-01-15 11:25:52,28.9,316,33.8723343
2021-01-15 11:26:02,28.9,316,33.88541283
2021-01-15 11:26:12,28.93,316,33.890446
2021-01-15 11:26:22,28.92,316,33.86468091
2021-01-15 11:26:32,28.92,316,33.87457668
2021-01-15 11:26:42,28.9,316,33.88877472
2021-01-15 11:26:52,28.9,316,33.90521502
2021-01-15 11:27:02,28.92,316,33.85487812
2021-01-15 11:27:12,28.89,316,33.89587837
2021-01-15 11:27:22,28.88,316,33.91606866
2021-01-15 11:27:32,28.92,316,33.88111545
2021-01-15 11:27:42,28.9,316,33.90521676
2021-01-15 11:27:52,28.9,316,33.9348304
2021-01-15 11:28:02,28.88,316,33.92597508
2021-01-15 11:28:12,28.89,316,33.92540698
2021-01-15 11:28:22,28.88,316,33.91943296
2021-01-15 11:28:32,28.9,316,33.91175851
2021-01-15 11:28:42,28.92,316,33.87458121
2021-01-15 11:28:52,28.92,316,33.90744858
2021-01-15 11:29:02,28.93,316,33.91015126
2021-01-15 11:29:12,28.93,316,33.8839165
2021-01-15 11:29:22,28.98,316,33.83531369
2021-01-15 11:29:32,29.04,316,33.7928667
2021-01-15 11:29:42,29.09,316,33.77719259
2021-01-15 11:29:52,29.09,316,33.81329126
2021-01-15 11:30:02,29.1,316,33.7766478
2021-01-15 11:30:12,29.03,316,33.83924856
2021-01-15 11:30:22,29,316,33.82768222
2021-01-15 11:30:32,28.87,316,33.91664181
2021-01-15 11:30:42,28.84,316,33.93798432
2021-01-15 11:30:52,28.82,316,33.95222534
2021-01-15 11:31:02,28.84,316,33.89851844
2021-01-15 11:31:12,28.83,316,33.93518951
2021-01-15 11:31:22,28.84,316,33.95444745
2021-01-15 11:31:32,28.87,316,33.91010018
2021-01-15 11:31:42,28.87,316,33.92655111
2021-01-15 11:31:52,28.87,316,33.91010088
2021-01-15 11:32:02,28.88,316,33.90953592
2021-01-15 11:32:12,28.88,316,33.90299395
2021-01-15 11:32:22,28.87,316,33.94627671
2021-01-15 11:32:32,28.87,316,33.916646
2021-01-15 11:32:42,28.87,316,33.95618564
2021-01-15 11:32:52,28.88,316,33.94243402
2021-01-15 11:33:02,28.87,316,33.95945889
2021-01-15 11:33:12,28.86,316,33.94021357
2021-01-15 11:33:22,28.87,316,33.96273219
2021-01-15 11:33:32,28.87,316,33.97591434
2021-01-15 11:33:42,28.87,316,33.94300715
2021-01-15 11:33:52,28.89,316,33.90570376
2021-01-15 11:34:02,28.88,316,33.94570821
2021-01-15 11:34:12,28.88,316,33.96879394
2021-01-15 11:34:22,28.88,316,33.93916548
2021-01-15 11:34:32,28.88,316,33.93916583
2021-01-15 11:34:42,28.89,316,33.9847586
2021-01-15 11:34:52,28.87,316,33.92982983
2021-01-15 11:35:02,28.89,316,33.94522907
2021-01-15 11:35:12,28.89,316,33.93859634
2021-01-15 11:35:22,28.87,316,33.93964746
2021-01-15 11:35:32,28.88,316,33.93916792
2021-01-15 11:35:42,28.88,316,33.90627241
2021-01-15 11:35:52,28.88,316,33.94571205
2021-01-15 11:36:02,28.88,316,33.93253486
2021-01-15 11:36:12,28.88,316,33.95561916
2021-01-15 11:36:22,28.88,316,33.95561951
2021-01-15 11:36:32,28.88,316,33.95234796
2021-01-15 11:36:42,28.89,316,33.90898027
2021-01-15 11:36:52,28.88,316,33.93253661
2021-01-15 11:37:02,28.89,316,33.93860018
2021-01-15 11:37:12,28.89,316,33.9123428
2021-01-15 11:37:22,28.9,316,33.89206677
2021-01-15 11:37:32,28.88,316,33.92272354
2021-01-15 11:37:42,28.89,316,33.89917078
2021-01-15 11:37:52,28.89,316,33.91561488
2021-01-15 11:38:02,28.9,316,33.89533794
2021-01-15 11:38:12,28.89,316,33.93860262
2021-01-15 11:38:22,28.9,316,33.90187834
2021-01-15 11:38:32,28.9,316,33.91177945
2021-01-15 11:38:42,28.89,316,33.94850794
2021-01-15 11:38:52,28.88,316,33.91609275
2021-01-15 11:39:02,28.89,316,33.92542967
2021-01-15 11:39:12,28.87,316,33.94629102
2021-01-15 11:39:22,28.89,316,33.93206304
2021-01-15 11:39:32,28.89,316,33.90898621
2021-01-15 11:39:42,28.89,316,33.93860576
2021-01-15 11:39:52,28.89,316,33.94851038
2021-01-15 11:40:02,28.87,316,33.929840660000004
2021-01-15 11:40:12,28.9,316,33.95793202
2021-01-15 11:40:22,28.93,316,33.9530296
2021-01-15 11:40:32,28.93,316,33.95302995
2021-01-15 11:40:42,28.93,316,33.9464926
2021-01-15 11:40:52,28.94,316,33.98550486
2021-01-15 11:41:02,28.97,316,33.99065989
2021-01-15 11:41:12,29.04,316,33.92441499
2021-01-15 11:41:22,29.03,316,33.9645034
2021-01-15 11:41:32,29.05,316,33.95029884
2021-01-15 11:41:42,29.05,316,33.96017524
2021-01-15 11:41:52,29.05,316,33.95029953
2021-01-15 11:42:02,29.06,316,33.93658862
2021-01-15 11:42:12,29.09,316,33.96157454
2021-01-15 11:42:22,29.06,316,33.95307581
2021-01-15 11:42:32,29.05,316,33.98998915
2021-01-15 11:42:42,29.05,316,33.97340653
2021-01-15 11:42:52,29.05,316,33.97340688
2021-01-15 11:43:02,29.05,316,33.9899902
2021-01-15 11:43:12,29.05,316,34.00648418
2021-01-15 11:43:22,29.03,316,33.99759481
2021-01-15 11:43:32,29.04,316,33.98051444
2021-01-15 11:43:42,29.01,316,34.01182467
2021-01-15 11:43:52,29.03,316,33.98100627
2021-01-15 11:44:02,29.03,316,33.971126
2021-01-15 11:44:12,29.01,316,34.02506775
2021-01-15 11:44:22,29.03,316,33.97438997
2021-01-15 11:44:32,29.03,316,33.97774429
2021-01-15 11:44:42,29.03,316,33.99424331
2021-01-15 11:44:52,29.03,316,34.00086162
2021-01-15 11:45:02,29,316,33.99908003
2021-01-15 11:45:12,29.03,316,33.99424436
2021-01-15 11:45:22,29.03,316,34.00748084
2021-01-15 11:45:32,29.03,316,33.97439241
2021-01-15 11:45:42,29.03,316,33.99759969
2021-01-15 11:45:52,29.03,316,34.01410026
2021-01-15 11:46:02,29.01,316,34.02171565
2021-01-15 11:46:12,29,316,34.04870504
2021-01-15 11:46:22,28.97,316,34.06019918
2021-01-15 11:46:32,28.98,316,34.01994341
2021-01-15 11:46:42,28.99,316,33.99957716
2021-01-15 11:46:52,28.95,316,34.01807527
2021-01-15 11:47:02,28.98,316,33.996714
2021-01-15 11:47:12,28.99,316,34.00620114
2021-01-15 11:47:22,28.97,316,34.0138164
2021-01-15 11:47:32,28.95,316,34.01144854
2021-01-15 11:47:42,28.94,316,34.02520258
2021-01-15 11:47:52,28.94,316,33.99550778
2021-01-15 11:48:02,28.94,316,33.99550812
2021-01-15 11:48:12,28.93,316,33.99263974
2021-01-15 11:48:22,28.93,316,34.02570107
2021-01-15 11:48:32,28.94,316,33.98552091
2021-01-15 11:48:42,28.95,316,34.00818239
2021-01-15 11:48:52,28.97,316,33.97080231
2021-01-15 11:49:02,28.95,316,33.97840493
2021-01-15 11:49:12,28.97,316,34.01708772
2021-01-15 11:49:22,28.98,316,33.96369244
2021-01-15 11:49:32,28.95,316,33.96851111
2021-01-15 11:49:42,28.97,316,34.0038376
2021-01-15 11:49:52,28.98,316,33.95707067
2021-01-15 11:50:02,28.99,316,33.92357122
2021-01-15 11:50:12,28.97,316,33.94440011
2021-01-15 11:50:22,28.99,316,33.94007837
2021-01-15 11:50:32,28.98,316,33.95380609
2021-01-15 11:50:42,28.98,316,33.98683134
2021-01-15 11:50:52,28.98,316,33.99345543
2021-01-15 11:51:02,28.99,316,33.97309653
2021-01-15 11:51:12,28.99,316,33.94343598
2021-01-15 11:51:22,28.99,316,33.94996681
2021-01-15 11:51:32,28.98,316,33.96369697
2021-01-15 11:51:42,28.99,316,33.97309793
2021-01-15 11:51:52,28.98,316,33.95707485
2021-01-15 11:52:02,28.94,316,33.99878548
2021-01-15 11:52:12,28.95,316,33.96851669
2021-01-15 11:52:22,28.95,316,33.95199637
2021-01-15 11:52:32,28.95,316,33.92240795
2021-01-15 11:52:42,28.95,316,33.9224083
2021-01-15 11:52:52,28.95,316,33.95862368
2021-01-15 11:53:02,28.97,316,33.96418678
2021-01-15 11:53:12,28.98,316,33.94065757
2021-01-15 11:53:22,28.98,316,33.90437499
2021-01-15 11:53:32,28.95,316,33.94210517
2021-01-15 11:53:42,28.98,316,33.94392438
2021-01-15 11:53:52,28.99,316,33.9104294
2021-01-15 11:54:02,28.98,316,33.93068089
2021-01-15 11:54:12,28.99,316,33.9335562
2021-01-15 11:54:22,28.99,316,33.92358028
2021-01-15 11:54:32,28.97,316,33.96092325
2021-01-15 11:54:42,28.97,316,33.9377861
2021-01-15 11:54:52,28.97,316,33.90821042
2021-01-15 11:55:02,28.98,316,33.9538155
2021-01-15 11:55:12,28.97,316,33.94441056
2021-01-15 11:55:22,28.98,316,33.91753102
2021-01-15 11:55:32,28.98,316,33.914266
2021-01-15 11:55:42,28.97,316,33.91474393
2021-01-15 11:55:52,28.98,316,33.9142667
2021-01-15 11:56:02,28.98,316,33.95708356
2021-01-15 11:56:12,28.99,316,33.95659831
2021-01-15 11:56:22,29,316,33.94287278
2021-01-15 11:56:32,28.99,316,33.96648613
2021-01-15 11:56:42,29,316,33.95284885
2021-01-15 11:56:52,29,316,33.95937878
2021-01-15 11:57:02,29,316,33.94287417
2021-01-15 11:57:12,29,316,33.93634544
2021-01-15 11:57:22,29.01,316,33.94239143
2021-01-15 11:57:32,29,316,33.92972658
2021-01-15 11:57:42,29,316,33.92310758
2021-01-15 11:57:52,29.01,316,33.91274664
2021-01-15 11:58:02,28.99,316,33.94345026
2021-01-15 11:58:12,29,316,33.94287661
2021-01-15 11:58:22,29,316,33.95938192
2021-01-15 11:58:32,29,316,33.95938227
2021-01-15 11:58:42,29,316,33.92646466
2021-01-15 11:58:52,29,316,33.95938297
2021-01-15 11:59:02,29,316,33.9660038
2021-01-15 11:59:12,28.99,316,33.93356666
2021-01-15 11:59:22,28.99,316,33.95660493
2021-01-15 11:59:32,29,316,33.93961483
2021-01-15 11:59:42,29.01,316,33.94239631
2021-01-15 11:59:52,29.03,316,33.91170381
2021-01-15 12:00:02,29.01,316,33.91601473
2021-01-15 12:00:12,29.03,316,33.89521224
2021-01-15 12:00:22,29.04,316,33.91784064
2021-01-15 12:00:32,29.03,316,33.90518064
2021-01-15 12:00:42,29.03,316,33.93807771
2021-01-15 12:00:52,29.05,316,33.90739729
2021-01-15 12:01:02,29.03,316,33.93481569
2021-01-15 12:01:12,29.04,316,33.9673193
2021-01-15 12:01:22,29.04,316,33.93759587
2021-01-15 12:01:32,29.04,316,33.9112289
2021-01-15 12:01:42,29.06,316,33.91353262
2021-01-15 12:01:52,29.06,316,33.9003099
2021-01-15 12:02:02,29.08,316,33.89935616
2021-01-15 12:02:12,29.06,316,33.90031059
2021-01-15 12:02:22,29.08,316,33.89274806
2021-01-15 12:02:32,29.06,316,33.92340691
2021-01-15 12:02:42,29.09,316,33.89227272
2021-01-15 12:02:52,29.1,316,33.90826795
2021-01-15 12:03:02,29.1,316,33.86211638
2021-01-15 12:03:12,29.1,316,33.87532782
2021-01-15 12:03:22,29.12,316,33.87103459
2021-01-15 12:03:32,29.12,316,33.84797014
2021-01-15 12:03:42,29.11,316,33.84852953
2021-01-15 12:03:52,29.1,316,33.88845063
2021-01-15 12:04:02,29.11,316,33.88797528
2021-01-15 12:04:12,29.08,316,33.89936068
2021-01-15 12:04:22,29.09,316,33.86919654
2021-01-15 12:04:32,29.08,316,33.90597038
2021-01-15 12:04:42,29.08,316,33.90597073
2021-01-15 12:04:52,29.08,316,33.88288574
2021-01-15 12:05:02,29.06,316,33.90031651
2021-01-15 12:05:12,29.06,316,33.90031686
2021-01-15 12:05:22,29.1,316,33.88193819
2021-01-15 12:05:32,29.04,316,33.95083476
2021-01-15 12:05:42,29.09,316,33.89888656
2021-01-15 12:05:52,29.09,316,33.91201217
2021-01-15 12:06:02,29.03,316,33.94470506
2021-01-15 12:06:12,29.09,316,33.93183807
2021-01-15 12:06:22,29.08,316,33.955503
2021-01-15 12:06:32,29.06,316,33.9267666
2021-01-15 12:06:42,29.08,316,33.96211445
2021-01-15 12:06:52,29.06,316,33.96309195
2021-01-15 12:07:02,29.1,316,33.91488352
2021-01-15 12:07:12,29.12,316,33.93038942
2021-01-15 12:07:22,29.11,316,33.91440366
2021-01-15 12:07:32,29.05,316,34.00327243
2021-01-15 12:07:42,29.1,316,33.95118117
2021-01-15 12:07:52,29.14,316,33.89315676
2021-01-15 12:08:02,29.06,316,33.93329141
2021-01-15 12:08:12,29.09,316,33.97484849
2021-01-15 12:08:22,29.08,316,33.96872888
2021-01-15 12:08:32,29.08,316,34.02497597
2021-01-15 12:08:42,29,316,34.07533714
2021-01-15 12:08:52,29.08,316,34.01836396
2021-01-15 12:09:02,29.12,316,33.97337579
2021-01-15 12:09:12,29.17,316,33.92137407
2021-01-15 12:09:22,29.22,316,33.93882599
2021-01-15 12:09:32,29.21,316,33.92937703
2021-01-15 12:09:42,29.24,316,33.86861245
2021-01-15 12:09:52,29.25,316,33.88465233
2021-01-15 12:10:02,29.26,316,33.87091069
2021-01-15 12:10:12,29.26,316,33.86766293
2021-01-15 12:10:22,29.26,316,33.87424977
2021-01-15 12:10:32,29.26,316,33.91052457
2021-01-15 12:10:42,29.26,316,33.90068869
2021-01-15 12:10:52,29.26,316,33.87758924
2021-01-15 12:11:02,29.24,316,33.92142245
2021-01-15 12:11:12,29.24,316,33.9049022
2021-01-15 12:11:22,29.2,316,33.94974412
2021-01-15 12:11:32,29.19,316,33.93369571
2021-01-15 12:11:42,29.16,316,33.98805376
2021-01-15 12:11:52,29.21,316,33.91953588
2021-01-15 12:12:02,29.21,316,33.91953622
2021-01-15 12:12:12,29.19,316,33.95683232
2021-01-15 12:12:22,29.19,316,33.9237573
2021-01-15 12:12:32,29.16,316,33.93841009
2021-01-15 12:12:42,29.14,316,33.96579593
2021-01-15 12:12:52,29.12,316,33.95682316
2021-01-15 12:13:02,29.1,316,33.98758531
2021-01-15 12:13:12,29.1,316,33.99419501
2021-01-15 12:13:22,29.11,316,33.98048417
2021-01-15 12:13:32,29.1,316,33.97101862
2021-01-15 12:13:42,29.1,316,33.96115136
2021-01-15 12:13:52,29.12,316,33.97999239
2021-01-15 12:14:02,29.17,316,33.91153136
2021-01-15 12:14:12,29.28,316,33.84696916
2021-01-15 12:14:22,29.27,316,33.85402617
2021-01-15 12:14:32,29.28,316,33.87664213
2021-01-15 12:14:42,29.3,316,33.85594252
2021-01-15 12:14:52,29.27,316,33.85068975
2021-01-15 12:15:02,29.3,316,33.79663008
2021-01-15 12:15:12,29.31,316,33.8159026
2021-01-15 12:15:22,29.32,316,33.82534753
2021-01-15 12:15:32,29.3,316,33.83944668
2021-01-15 12:15:42,29.31,316,33.84889042
2021-01-15 12:15:52,29.32,316,33.80561573
2021-01-15 12:16:02,29.27,316,33.84086051
2021-01-15 12:16:12,29.3,316,33.81312674
2021-01-15 12:16:22,29.31,316,33.8126607
2021-01-15 12:16:32,29.31,316,33.82248429
2021-01-15 12:16:42,29.31,316,33.82906376
2021-01-15 12:16:52,29.31,316,33.81266174
2021-01-15 12:17:02,29.33,316,33.80515269
2021-01-15 12:17:12,29.33,316,33.78866837
2021-01-15 12:17:22,29.33,316,33.81497273
2021-01-15 12:17:32,29.35,316,33.78450222
2021-01-15 12:17:42,29.33,316,33.7722761
2021-01-15 12:17:52,29.32,316,33.7891322
2021-01-15 12:18:02,29.32,316,33.81877525
2021-01-15 12:18:12,29.33,316,33.80515511
2021-01-15 12:18:22,29.33,316,33.81173167
2021-01-15 12:18:32,29.33,316,33.7985798
2021-01-15 12:18:42,29.35,316,33.78117311
2021-01-15 12:18:52,29.36,316,33.78404272
2021-01-15 12:19:02,29.36,316,33.75118621
2021-01-15 12:19:12,29.36,316,33.78404342
2021-01-15 12:19:22,29.36,316,33.79061575
2021-01-15 12:19:32,29.33,316,33.80515788
2021-01-15 12:19:42,29.35,316,33.8141327
2021-01-15 12:19:52,29.35,316,33.73516965
2021-01-15 12:20:02,29.33,316,33.82822159
2021-01-15 12:20:12,29.32,316,33.80562472
2021-01-15 12:20:22,29.33,316,33.81173582
2021-01-15 12:20:32,29.35,316,33.77460403
2021-01-15 12:20:42,29.36,316,33.77747475
2021-01-15 12:20:52,29.37,316,33.72769606
2021-01-15 12:21:02,29.37,316,33.72769641
2021-01-15 12:21:12,29.36,316,33.75776167
2021-01-15 12:21:22,29.37,316,33.7408354
2021-01-15 12:21:32,29.37,316,33.74083574
2021-01-15 12:21:42,29.38,316,33.724006610000004
2021-01-15 12:21:52,29.38,316,33.72400696
2021-01-15 12:22:02,29.39,316,33.7267937
2021-01-15 12:22:12,29.37,316,33.77368644
2021-01-15 12:22:22,29.38,316,33.73057574
2021-01-15 12:22:32,29.39,316,33.72355647
2021-01-15 12:22:42,29.38,316,33.7863655
2021-01-15 12:22:52,29.37,316,33.80663226
2021-01-15 12:23:02,29.38,316,33.76665837
2021-01-15 12:23:12,29.32,316,33.84185431
2021-01-15 12:23:22,29.32,316,33.80229762
2021-01-15 12:23:32,29.25,316,33.85823973
2021-01-15 12:23:42,29.3,316,33.84938007
2021-01-15 12:23:52,29.31,316,33.79294104
2021-01-15 12:24:02,29.31,316,33.82583447
2021-01-15 12:24:12,29.22,316,33.90255127
2021-01-15 12:24:22,29.27,316,33.86387924
2021-01-15 12:24:32,29.16,316,33.94169018
2021-01-15 12:24:42,29.22,316,33.89921107
2021-01-15 12:24:52,29.31,316,33.8455745
2021-01-15 12:25:02,29.28,316,33.8601588
2021-01-15 12:25:12,29.21,316,33.92281548
2021-01-15 12:25:22,29.19,316,33.96345737
2021-01-15 12:25:32,29.19,316,33.92044132
2021-01-15 12:25:42,29.14,316,33.91625527
2021-01-15 12:25:52,29.12,316,33.93703352
2021-01-15 12:26:02,29.14,316,33.95587307
2021-01-15 12:26:12,28.99,316,34.00954888
2021-01-15 12:26:22,29.03,316,33.9910668
2021-01-15 12:26:32,29.08,316,33.98198934
2021-01-15 12:26:42,29.27,316,33.88373045
2021-01-15 12:26:52,29.31,316,33.8521585
2021-01-15 12:27:02,29.35,316,33.82729634
2021-01-15 12:27:12,29.38,316,33.81274478
2021-01-15 12:27:22,29.38,316,33.78970499
2021-01-15 12:27:32,29.39,316,33.81884667
2021-01-15 12:27:42,29.39,316,33.81227772
2021-01-15 12:27:52,29.37,316,33.87587866
2021-01-15 12:28:02,29.42,316,33.86043582
2021-01-15 12:28:12,29.43,316,33.82038669
2021-01-15 12:28:22,29.44,316,33.82000634
2021-01-15 12:28:32,29.46,316,33.82239054
2021-01-15 12:28:42,29.44,316,33.82000703
2021-01-15 12:28:52,29.41,316,33.85101787
2021-01-15 12:29:02,29.36,316,33.91599271
2021-01-15 12:29:12,29.37,316,33.87921325
2021-01-15 12:29:22,29.44,316,33.86622772
2021-01-15 12:29:32,29.43,316,33.88982481
2021-01-15 12:29:42,29.44,316,33.8827763
2021-01-15 12:29:52,29.43,316,33.83028239
2021-01-15 12:30:02,29.47,316,33.8516688
2021-01-15 12:30:12,29.48,316,33.83474831
2021-01-15 12:30:22,29.47,316,33.82201256
2021-01-15 12:30:32,29.46,316,33.79273651
2021-01-15 12:30:42,29.46,316,33.83560774
2021-01-15 12:30:52,29.46,316,33.7927372
2021-01-15 12:31:02,29.44,316,33.82657547
2021-01-15 12:31:12,29.41,316,33.86091996
2021-01-15 12:31:22,29.38,316,33.84902874
2021-01-15 12:31:32,29.42,316,33.82743008
2021-01-15 12:31:42,29.42,316,33.84398126
2021-01-15 12:31:52,29.43,316,33.83028654
2021-01-15 12:32:02,29.48,316,33.81166131
2021-01-15 12:32:12,29.47,316,33.81869145
2021-01-15 12:32:22,29.47,316,33.79559858
2021-01-15 12:32:32,29.43,316,33.85672947
2021-01-15 12:32:42,29.39,316,33.85845748
2021-01-15 12:32:52,29.32,316,33.88801858
2021-01-15 12:33:02,29.33,316,33.8678033
2021-01-15 12:33:12,29.36,316,33.85322358
2021-01-15 12:33:22,29.42,316,33.86044688
2021-01-15 12:33:32,29.33,316,33.88096085
2021-01-15 12:33:42,29.47,316,33.8153697
2021-01-15 12:33:52,29.48,316,33.83143139
2021-01-15 12:34:02,29.47,316,33.77251134
2021-01-15 12:34:12,29.5,316,33.79429088
2021-01-15 12:34:22,29.39,316,33.80572245
2021-01-15 12:34:32,29.5,316,33.72847638
2021-01-15 12:34:42,29.47,316,33.76595434
2021-01-15 12:34:52,29.52,316,33.73088667
2021-01-15 12:35:02,29.46,316,33.79607093
2021-01-15 12:35:12,29.5,316,33.76798237
2021-01-15 12:35:22,29.54,316,33.73329438
2021-01-15 12:35:32,29.53,316,33.77655654
2021-01-15 12:35:42,29.55,316,33.71642425
2021-01-15 12:35:52,29.49,316,33.75847775
2021-01-15 12:36:02,29.55,316,33.72629093
2021-01-15 12:36:12,29.53,316,33.75681458
2021-01-15 12:36:22,29.53,316,33.74030373
2021-01-15 12:36:32,29.46,316,33.7795389
2021-01-15 12:36:42,29.43,316,33.82373165
2021-01-15 12:36:52,29.41,316,33.80479342
2021-01-15 12:37:02,29.39,316,33.79259041
2021-01-15 12:37:12,29.39,316,33.82552622
2021-01-15 12:37:22,29.38,316,33.82590708
2021-01-15 12:37:32,29.37,316,33.77371825
2021-01-15 12:37:42,29.37,316,33.81647535
2021-01-15 12:37:52,29.38,316,33.7732582
2021-01-15 12:38:02,29.35,316,33.8701923
2021-01-15 12:38:12,29.32,316,33.91777636
2021-01-15 12:38:22,29.52,316,33.85289045
2021-01-15 12:38:32,29.57,316,33.74188192
2021-01-15 12:38:42,29.59,316,33.77072414
2021-01-15 12:38:52,29.58,316,33.77773496
2021-01-15 12:39:02,29.59,316,33.7542304
2021-01-15 12:39:12,29.58,316,33.75137541
2021-01-15 12:39:22,29.58,316,33.75137576
2021-01-15 12:39:32,29.57,316,33.78143093
2021-01-15 12:39:42,29.58,316,33.75792137
2021-01-15 12:39:52,29.59,316,33.76740964
2021-01-15 12:40:02,29.6,316,33.75386003
2021-01-15 12:40:12,29.6,316,33.77689495
2021-01-15 12:40:22,29.59,316,33.73451325
2021-01-15 12:40:32,29.57,316,33.79138816
2021-01-15 12:40:42,29.58,316,33.72502156
2021-01-15 12:40:52,29.58,316,33.74151703
2021-01-15 12:41:02,29.6,316,33.73737196
2021-01-15 12:41:12,29.62,316,33.6970404
2021-01-15 12:41:22,29.58,316,33.7744225
2021-01-15 12:41:32,29.62,316,33.70366918
2021-01-15 12:41:42,29.63,316,33.69990255
2021-01-15 12:41:52,29.64,316,33.69953939
2021-01-15 12:42:02,29.64,316,33.69953974
2021-01-15 12:42:12,29.64,316,33.66668284
2021-01-15 12:42:22,29.64,316,33.69954043
2021-01-15 12:42:32,29.64,316,33.69954077
2021-01-15 12:42:42,29.65,316,33.67608256
2021-01-15 12:42:52,29.65,316,33.64985805
2021-01-15 12:43:02,29.65,316,33.6728609
2021-01-15 12:43:12,29.65,316,33.67939549
2021-01-15 12:43:22,29.66,316,33.68225744
2021-01-15 12:43:32,29.65,316,33.70571422
2021-01-15 12:43:42,29.64,316,33.7290922
2021-01-15 12:43:52,29.65,316,33.69586763
2021-01-15 12:44:02,29.66,316,33.68888167
2021-01-15 12:44:12,29.65,316,33.65317229
2021-01-15 12:44:22,29.66,316,33.23060666
2021-01-15 12:44:32,29.66,316,33.24025216
2021-01-15 12:44:42,29.66,316,33.23060735
2021-01-15 12:44:52,29.64,316,33.22196352
2021-01-15 12:45:02,29.62,316,33.25817712
2021-01-15 12:45:12,29.62,316,33.24217886
2021-01-15 12:45:22,29.63,316,33.19668884
2021-01-15 12:45:32,29.63,316,33.2288536
2021-01-15 12:45:42,29.68,316,33.21041221
2021-01-15 12:45:52,29.6,316,33.23987884
2021-01-15 12:46:02,29.59,316,33.28532098
2021-01-15 12:46:12,29.57,316,33.26701706
2021-01-15 12:46:22,29.52,316,33.2886698
2021-01-15 12:46:32,29.57,316,33.25091459
2021-01-15 12:46:42,29.49,316,33.31587278
2021-01-15 12:46:52,29.39,316,33.37551273
2021-01-15 12:47:02,29.58,316,33.26333637
2021-01-15 12:47:12,29.6,316,33.64545783
2021-01-15 12:47:22,29.57,316,33.6532379
2021-01-15 12:47:32,29.59,316,33.63604569
2021-01-15 12:47:42,29.59,316,33.65898232
2021-01-15 12:47:52,29.55,316,33.65412491
2021-01-15 12:48:02,29.6,316,33.61267661
2021-01-15 12:48:12,29.62,316,33.63803815
2021-01-15 12:48:22,29.46,316,33.67454156
2021-01-15 12:48:32,29.6,316,33.64546058
2021-01-15 12:48:42,29.59,316,33.60335029
2021-01-15 12:48:52,29.52,316,33.68820206
2021-01-15 12:49:02,29.54,316,33.71035759
2021-01-15 12:49:12,29.58,316,33.68237293
2021-01-15 12:49:22,29.57,316,33.64669917
2021-01-15 12:49:32,29.63,316,33.62452896
2021-01-15 12:49:42,29.62,316,33.66096535
2021-01-15 12:49:52,29.65,316,33.64002783
2021-01-15 12:50:02,29.68,316,33.62895065
2021-01-15 12:50:12,29.69,316,33.59578256
2021-01-15 12:50:22,29.7,316,33.63799342
2021-01-15 12:50:32,29.69,316,33.5990915
2021-01-15 12:50:42,29.63,316,33.63760177
2021-01-15 12:50:52,29.65,316,33.66625352
2021-01-15 12:51:02,29.7,316,33.63799479
2021-01-15 12:51:12,29.73,316,33.61048257
2021-01-15 12:51:22,29.62,316,33.66096879
2021-01-15 12:51:32,29.54,316,33.67753424
2021-01-15 12:51:42,29.53,316,33.71736548
2021-01-15 12:51:52,29.54,316,33.70049642
2021-01-15 12:52:02,29.73,316,33.64989289
2021-01-15 12:52:12,29.63,316,33.66383764
2021-01-15 12:52:22,29.74,316,33.61665708
2021-01-15 12:52:32,29.77,316,33.60560354
2021-01-15 12:52:42,29.79,316,33.56224484
2021-01-15 12:52:52,29.77,316,33.60560423
2021-01-15 12:53:02,29.79,316,33.60151336
2021-01-15 12:53:12,29.79,316,33.60151371
2021-01-15 12:53:22,29.77,316,33.605605250000004
2021-01-15 12:53:32,29.62,316,33.67736194
2021-01-15 12:53:42,29.63,316,33.67700312
2021-01-15 12:53:52,29.69,316,33.62198936
2021-01-15 12:54:02,29.47,316,33.73967308
2021-01-15 12:54:12,29.63,316,33.68354088
2021-01-15 12:54:22,29.74,316,33.59370203
2021-01-15 12:54:32,29.69,316,33.61868212
2021-01-15 12:54:42,29.62,316,33.63805157
2021-01-15 12:54:52,29.41,316,33.74897711
2021-01-15 12:55:02,29.36,316,33.76764369
2021-01-15 12:55:12,29.33,316,33.8216278
2021-01-15 12:55:22,29.36,316,33.8005038
2021-01-15 12:55:32,29.41,316,33.78513327
2021-01-15 12:55:42,29.42,316,33.79779986
2021-01-15 12:55:52,29.49,316,33.75851915
2021-01-15 12:56:02,29.48,316,33.76553696
2021-01-15 12:56:12,29.5,316,33.76138136
2021-01-15 12:56:22,29.64,316,33.66671207
2021-01-15 12:56:32,29.7,316,25.83674881
2021-01-15 12:56:42,29.75,316,33.67536637
2021-01-15 12:56:52,29.76,316,33.65195827
2021-01-15 12:57:02,29.77,316,33.61543463
2021-01-15 12:57:12,29.76,316,33.65195895
2021-01-15 12:57:22,29.68,316,33.67494388
2021-01-15 12:57:32,29.65,316,33.66626727
2021-01-15 12:57:42,29.62,316,33.69385006
2021-01-15 12:57:52,29.59,316,33.73123305
2021-01-15 12:58:02,29.75,316,33.67536912
2021-01-15 12:58:12,29.75,316,33.66554131
2021-01-15 12:58:22,29.5,316,33.75815347
2021-01-15 12:58:32,29.63,316,33.7328952
2021-01-15 12:58:42,29.57,316,33.7419236
2021-01-15 12:58:52,29.71,316,33.66385204
2021-01-15 12:59:02,29.65,316,33.67942816
2021-01-15 12:59:12,29.63,316,33.70987924
2021-01-15 12:59:22,29.69,316,33.6613504
2021-01-15 12:59:32,29.74,316,33.63963349
2021-01-15 12:59:42,29.71,316,33.68021612
2021-01-15 12:59:52,29.58,316,33.72183401
2021-01-15 13:00:02,29.64,316,33.67987983
2021-01-15 13:00:12,29.41,316,33.77524923
2021-01-15 13:00:22,29.7,316,33.71689146
2021-01-15 13:00:32,29.69,316,33.68434
2021-01-15 13:00:42,29.65,316,33.70574964
2021-01-15 13:00:52,29.65,316,33.71228524
2021-01-15 13:01:02,29.62,316,33.73989893
2021-01-15 13:01:12,29.62,316,33.71687702
2021-01-15 13:01:22,29.6,316,33.71438368
2021-01-15 13:01:32,29.57,316,33.72883845
2021-01-15 13:01:42,29.58,316,33.7612842
2021-01-15 13:01:52,29.55,316,33.74284849
2021-01-15 13:02:02,29.55,316,33.73298207
2021-01-15 13:02:12,29.58,316,33.73492705
2021-01-15 13:02:22,29.62,316,33.74644153
2021-01-15 13:02:32,29.65,316,33.71891367
2021-01-15 13:02:42,29.65,316,33.71891402
2021-01-15 13:02:52,29.64,316,33.69626992
2021-01-15 13:03:02,29.63,316,33.7164249
2021-01-15 13:03:12,29.62,316,33.71688115
2021-01-15 13:03:22,29.58,316,33.74488063
2021-01-15 13:03:32,29.57,316,33.74193359
2021-01-15 13:03:42,29.59,316,33.74442118
2021-01-15 13:03:52,29.49,316,33.79481955
2021-01-15 13:04:02,29.39,316,33.81235308
2021-01-15 13:04:12,29.27,316,33.86071465
2021-01-15 13:04:22,29.22,316,33.8894508
2021-01-15 13:04:32,29.28,316,33.84049053
2021-01-15 13:04:42,29.33,316,33.85462327
2021-01-15 13:04:52,29.36,316,33.81700015
2021-01-15 13:05:02,29.39,316,33.8024566
2021-01-15 13:05:12,29.41,316,33.77525959
2021-01-15 13:05:22,29.41,316,33.77525994
2021-01-15 13:05:32,29.41,316,33.78839204
2021-01-15 13:05:42,29.35,316,33.79117538
2021-01-15 13:05:52,29.33,316,33.85138195
2021-01-15 13:06:02,29.35,316,33.82404509
2021-01-15 13:06:12,29.32,316,33.82545311
2021-01-15 13:06:22,29.32,316,33.81887563
2021-01-15 13:06:32,29.31,316,33.82592275
2021-01-15 13:06:42,29.3,316,33.84946942
2021-01-15 13:06:52,29.25,316,33.81880983
2021-01-15 13:07:02,29.21,316,33.88659314
2021-01-15 13:07:12,29.24,316,33.86539256
2021-01-15 13:07:22,29.22,316,33.85650043
2021-01-15 13:07:32,29.22,316,33.85650078
2021-01-15 13:07:42,29.21,316,33.84704058
2021-01-15 13:07:52,29.22,316,33.87293399
2021-01-15 13:08:02,29.24,316,33.85221731
2021-01-15 13:08:12,29.22,316,33.85975245
2021-01-15 13:08:22,29.21,316,33.86356703
2021-01-15 13:08:32,29.2,316,33.87063439
2021-01-15 13:08:42,29.22,316,33.8499125
2021-01-15 13:08:52,29.22,316,33.84991284
2021-01-15 13:09:02,29.19,316,33.82829295
2021-01-15 13:09:12,29.15,316,33.87300711
2021-01-15 13:09:22,29.12,316,33.91070477
2021-01-15 13:09:32,29.14,316,33.88668388
2021-01-15 13:09:42,29.19,316,33.90734095
2021-01-15 13:09:52,29.22,316,33.87293815
2021-01-15 13:10:02,29.24,316,33.84238438
2021-01-15 13:10:12,29.3,316,33.95191344
2021-01-15 13:10:22,29.37,316,33.89911063
2021-01-15 13:10:32,29.39,316,33.91479885
2021-01-15 13:10:42,29.42,316,33.88040654
2021-01-15 13:10:52,29.42,316,33.89363277
2021-01-15 13:11:02,29.48,316,33.86125113
2021-01-15 13:11:12,29.49,316,33.89392851
2021-01-15 13:11:22,29.49,316,33.87739503
2021-01-15 13:11:32,29.53,316,33.83273012
2021-01-15 13:11:42,29.43,316,33.87992725
2021-01-15 13:11:52,29.39,316,33.91480161
2021-01-15 13:12:02,29.39,316,33.90156759
2021-01-15 13:12:12,29.36,316,33.90284071
2021-01-15 13:12:22,29.33,316,33.91745147
2021-01-15 13:12:32,29.33,316,33.91745182
2021-01-15 13:12:42,29.33,316,33.93394685
2021-01-15 13:12:52,29.33,316,33.91078289
2021-01-15 13:13:02,29.35,316,33.88017387
2021-01-15 13:13:12,29.37,316,33.91235552
2021-01-15 13:13:22,29.41,316,33.87090514
2021-01-15 13:13:32,29.43,316,33.87993105
2021-01-15 13:13:42,29.52,316,33.88933378
2021-01-15 13:13:52,29.6,316,33.82322051
2021-01-15 13:14:02,29.63,316,33.82860589
2021-01-15 13:14:12,29.7,316,33.80262751
2021-01-15 13:14:22,29.74,316,33.77462546
2021-01-15 13:14:32,29.77,316,33.78009893
2021-01-15 13:14:42,29.77,316,33.78009927
2021-01-15 13:14:52,29.8,316,33.75912862
2021-01-15 13:15:02,29.81,316,33.75214351
2021-01-15 13:15:12,29.82,316,33.72204221
2021-01-15 13:15:22,29.84,316,33.7312025
2021-01-15 13:15:32,29.81,316,33.75214454
2021-01-15 13:15:42,29.82,316,33.73195092
2021-01-15 13:15:52,29.85,316,33.69452329
2021-01-15 13:16:02,29.87,316,33.7102841
2021-01-15 13:16:12,29.91,316,33.6824255
2021-01-15 13:16:22,29.91,316,33.68242584
2021-01-15 13:16:32,29.86,316,33.69415697
2021-01-15 13:16:42,29.81,316,33.74553995
2021-01-15 13:16:52,29.73,316,33.74532369
2021-01-15 13:17:02,29.73,316,33.75855723
2021-01-15 13:17:12,29.73,316,33.73870809
2021-01-15 13:17:22,29.73,316,33.7288738
2021-01-15 13:17:32,29.74,316,33.69882846
2021-01-15 13:17:42,29.73,316,33.72225871
2021-01-15 13:17:52,29.73,316,33.72225906
2021-01-15 13:18:02,29.74,316,33.7383369
2021-01-15 13:18:12,29.74,316,33.74495232
2021-01-15 13:18:22,29.76,316,33.72436652
2021-01-15 13:18:32,29.77,316,33.6712934
2021-01-15 13:18:42,29.77,316,33.68772835
2021-01-15 13:18:52,29.79,316,33.65735728
2021-01-15 13:19:02,29.79,316,33.71003765
2021-01-15 13:19:12,29.76,316,33.66183
2021-01-15 13:19:22,29.76,316,33.65200459
2021-01-15 13:19:32,29.8,316,33.6569991
2021-01-15 13:19:42,29.79,316,33.6639656
2021-01-15 13:19:52,29.77,316,33.65486281
2021-01-15 13:20:02,29.8,316,33.68003069
2021-01-15 13:20:12,29.84,316,33.60945123
2021-01-15 13:20:22,29.81,316,33.64022072
2021-01-15 13:20:32,29.75,316,33.6918563
2021-01-15 13:20:42,29.7,316,33.68723909
2021-01-15 13:20:52,29.63,316,33.68690913
2021-01-15 13:21:02,29.64,316,33.66676297
2021-01-15 13:21:12,29.65,316,33.66631609
2021-01-15 13:21:22,29.58,316,33.65949641
2021-01-15 13:21:32,29.54,316,33.70387661
2021-01-15 13:21:42,29.54,316,33.73670956
2021-01-15 13:21:52,29.53,316,33.70755873
2021-01-15 13:22:02,29.55,316,33.74943839
2021-01-15 13:22:12,29.58,316,33.72188015
2021-01-15 13:22:22,29.59,316,33.72142455
2021-01-15 13:22:32,29.66,316,33.6921831
2021-01-15 13:22:42,29.6,316,33.68485947
2021-01-15 13:22:52,29.6,316,33.68485982
2021-01-15 13:23:02,29.58,316,33.69884499
2021-01-15 13:23:12,29.53,316,33.73053038
2021-01-15 13:23:22,29.54,316,33.7038804
2021-01-15 13:23:32,29.5,316,33.69249136
2021-01-15 13:23:42,29.5,316,33.75156173
2021-01-15 13:23:52,29.5,316,33.6990446
2021-01-15 13:24:02,29.58,316,33.70870689
2021-01-15 13:24:12,29.54,316,5.09448831
2021-01-15 13:24:22,29.53,316,33.69446557
2021-01-15 13:24:32,29.62,316,33.69390545
2021-01-15 13:24:42,29.62,316,33.65450039
2021-01-15 13:24:52,29.65,316,33.64010002
2021-01-15 13:25:02,29.74,316,33.60359175
2021-01-15 13:25:12,29.76,316,33.58315984
2021-01-15 13:25:22,29.76,316,33.57985634
2021-01-15 13:25:32,29.74,316,33.57741937
2021-01-15 13:25:42,29.68,316,33.59629099
2021-01-15 13:25:52,29.65,316,33.59428567
2021-01-15 13:26:02,29.62,316,33.63157974
2021-01-15 13:26:12,29.65,316,33.610661
2021-01-15 13:26:22,29.68,316,33.59629236
2021-01-15 13:26:32,29.69,316,33.56644303
2021-01-15 13:26:42,29.73,316,33.5386383
2021-01-15 13:26:52,29.7,316,33.52034391
2021-01-15 13:27:02,29.73,316,33.54515968
2021-01-15 13:27:12,29.74,316,33.53169414
2021-01-15 13:27:22,29.74,316,33.52517538
2021-01-15 13:27:32,29.75,316,33.51823435
2021-01-15 13:27:42,29.76,316,33.5341484
2021-01-15 13:27:52,29.77,316,33.5108745
2021-01-15 13:28:02,29.76,316,33.51781275
2021-01-15 13:28:12,29.77,316,33.50436024
2021-01-15 13:28:22,29.75,316,33.47913403
2021-01-15 13:28:32,29.76,316,33.52433031
2021-01-15 13:28:42,29.75,316,33.42058451
2021-01-15 13:28:52,29.76,316,33.39742891
2021-01-15 13:29:02,29.77,316,33.40023955
2021-01-15 13:29:12,29.76,316,33.41687938
2021-01-15 13:29:22,29.74,316,33.40474642
2021-01-15 13:29:32,29.75,316,33.404345
2021-01-15 13:29:42,29.74,316,33.41777805
2021-01-15 13:29:52,29.75,316,33.38159223
2021-01-15 13:30:02,29.74,316,33.38850487
2021-01-15 13:30:12,29.73,316,33.38577981
2021-01-15 13:30:22,29.7,316,33.35143231
2021-01-15 13:30:32,29.7,316,33.41617926
2021-01-15 13:30:42,29.73,316,33.38247831
2021-01-15 13:30:52,29.75,316,33.37517023
2021-01-15 13:31:02,29.76,316,33.35532807
2021-01-15 13:31:12,29.75,316,33.36223417
2021-01-15 13:31:22,29.77,316,33.35484633
2021-01-15 13:31:32,29.79,316,33.31198586
2021-01-15 13:31:42,29.8,316,33.30179779
2021-01-15 13:31:52,29.8,316,33.29217443
2021-01-15 13:32:02,29.8,316,33.28567012
2021-01-15 13:32:12,29.8,316,33.2792551
2021-01-15 13:32:22,29.79,316,33.27963561
2021-01-15 13:32:32,29.79,316,33.23775515
2021-01-15 13:32:42,29.79,316,33.26350674
2021-01-15 13:32:52,29.77,316,33.27085773
2021-01-15 13:33:02,29.79,316,33.23775617
2021-01-15 13:33:12,29.77,316,33.23867942
2021-01-15 13:33:22,29.77,316,33.25151511
2021-01-15 13:33:32,29.79,316,33.24746924
2021-01-15 13:33:42,29.76,316,33.28416622
2021-01-15 13:33:52,29.77,316,33.22896566
2021-01-15 13:34:02,29.82,316,33.22684471
2021-01-15 13:34:12,29.82,316,33.17858737
2021-01-15 13:34:22,29.79,316,33.2023895
2021-01-15 13:34:32,29.75,316,33.19770158
2021-01-15 13:34:42,29.73,316,33.17934679
2021-01-15 13:34:52,29.75,316,33.14324093
2021-01-15 13:35:02,29.79,316,33.10940757
2021-01-15 13:35:12,29.76,316,33.1235518
2021-01-15 13:35:22,29.74,316,33.17247941
2021-01-15 13:35:32,29.76,316,33.13638311
2021-01-15 13:35:42,29.77,316,33.19367789
2021-01-15 13:35:52,29.8,316,33.08974171
2021-01-15 13:36:02,29.81,316,33.09571552
2021-01-15 13:36:12,29.81,316,33.0573574
2021-01-15 13:36:22,29.82,316,33.04411656
2021-01-15 13:36:32,29.84,316,33.07519331
2021-01-15 13:36:42,29.81,316,33.02550222
2021-01-15 13:36:52,29.81,316,33.04774801
2021-01-15 13:37:02,29.8,316,33.07692556
2021-01-15 13:37:12,29.8,316,33.05458435
2021-01-15 13:37:22,29.82,316,33.04732152
2021-01-15 13:37:32,29.81,316,32.99996907
2021-01-15 13:37:42,29.79,316,32.915207530000004
2021-01-15 13:37:52,29.77,316,32.95419551
2021-01-15 13:38:02,29.79,316,32.94688114
2021-01-15 13:38:12,29.79,316,32.89928493
2021-01-15 13:38:22,29.75,316,32.92652349
2021-01-15 13:38:32,29.73,316,32.95610115
2021-01-15 13:38:42,29.68,316,33.19133033
2021-01-15 13:38:52,29.7,316,32.93843473
2021-01-15 13:39:02,29.7,316,32.9163354
2021-01-15 13:39:12,29.73,316,32.78541413
2021-01-15 13:39:22,29.73,316,32.71013154
2021-01-15 13:39:32,29.77,316,32.71436356
2021-01-15 13:39:42,29.85,316,32.53235105
2021-01-15 13:39:52,29.87,316,33.74992882
2021-01-15 13:40:02,29.87,316,33.76321858
2021-01-15 13:40:12,29.86,316,33.73380543
2021-01-15 13:40:22,29.93,316,33.66197005
2021-01-15 13:40:32,29.97,316,33.67368575
2021-01-15 13:40:42,30.03,316,33.65512656
2021-01-15 13:40:52,30.06,316,33.68370826
2021-01-15 13:41:02,30.11,316,33.63587286
2021-01-15 13:41:12,30.18,316,33.60717949
2021-01-15 13:41:22,30.23,316,33.59891627
2021-01-15 13:41:32,30.23,316,33.58581143
2021-01-15 13:41:42,30.28,316,33.57429507
2021-01-15 13:41:52,30.34,316,33.55925666
2021-01-15 13:42:02,30.39,316,33.51493543
2021-01-15 13:42:12,30.4,316,33.53109103
2021-01-15 13:42:22,30.44,316,33.50358418
2021-01-15 13:42:32,30.45,316,33.5197251
2021-01-15 13:42:42,30.45,316,33.49019018
2021-01-15 13:42:52,30.46,316,33.46032012
2021-01-15 13:43:02,30.49,316,33.49559492
2021-01-15 13:43:12,30.51,316,33.4818687
2021-01-15 13:43:22,30.53,316,33.44509096
2021-01-15 13:43:32,30.66,316,33.44489528
2021-01-15 13:43:42,30.78,316,33.37937606
2021-01-15 13:43:52,30.89,316,33.34057187
2021-01-15 13:44:02,30.93,316,33.35279984
2021-01-15 13:44:12,30.96,316,33.31933195
2021-01-15 13:44:22,31,316,33.32169327
2021-01-15 13:44:32,31.09,316,33.27712107
2021-01-15 13:44:42,31.13,316,33.24355796
2021-01-15 13:44:52,31.15,316,33.23988286
2021-01-15 13:45:02,31.15,316,33.23005613
2021-01-15 13:45:12,31.16,316,33.23313372
2021-01-15 13:45:22,31.17,316,33.21656359
2021-01-15 13:45:32,31.2,316,33.21267419
2021-01-15 13:45:42,31.24,316,33.19553957
2021-01-15 13:45:52,31.26,316,33.19518093
2021-01-15 13:46:02,31.31,316,33.17134836
2021-01-15 13:46:12,31.36,316,33.13776717
2021-01-15 13:46:22,31.38,316,33.10149846
2021-01-15 13:46:32,31.43,316,33.07779282
2021-01-15 13:46:42,31.44,316,33.12661355
2021-01-15 13:46:52,31.48,316,33.0737357
2021-01-15 13:47:02,31.48,316,33.08349884
2021-01-15 13:47:12,31.5,316,33.05389149
2021-01-15 13:47:22,31.5,316,33.07669102
2021-01-15 13:47:32,31.53,316,33.01755079
2021-01-15 13:47:42,31.51,316,32.96909203
2021-01-15 13:47:52,31.4,316,32.8837524
2021-01-15 13:48:02,31.37,316,32.87466623
2021-01-15 13:48:12,31.4,316,32.85471221
2021-01-15 13:48:22,31.6,316,32.71583834
2021-01-15 13:48:32,31.61,316,32.73488196
2021-01-15 13:48:42,31.73,316,32.65579312
2021-01-15 13:48:52,31.73,316,32.66223181
2021-01-15 13:49:02,31.85,316,32.54509084
2021-01-15 13:49:12,31.89,316,32.51251829
2021-01-15 13:49:22,31.91,316,32.48671575
2021-01-15 13:49:32,31.82,316,32.52961109
2021-01-15 13:49:42,31.77,316,32.54006283
2021-01-15 13:49:52,31.82,316,32.53603605
2021-01-15 13:50:02,31.8,316,32.54270288
2021-01-15 13:50:12,31.88,316,32.46182192
2021-01-15 13:50:22,31.82,316,32.52327429
2021-01-15 13:50:32,31.83,316,32.5071429
2021-01-15 13:50:42,31.83,316,32.55176217
2021-01-15 13:50:52,31.83,316,32.50080691
2021-01-15 13:51:02,31.85,316,32.47181923
2021-01-15 13:51:12,31.86,316,32.50345959
2021-01-15 13:51:22,31.91,316,32.42636302
2021-01-15 13:51:32,31.85,316,32.47182021
2021-01-15 13:51:42,31.83,316,32.48488216
2021-01-15 13:51:52,31.87,316,32.44285616
2021-01-15 13:52:02,31.92,316,32.38814797
2021-01-15 13:52:12,31.93,316,32.39744945
2021-01-15 13:52:22,31.94,316,32.4353674
2021-01-15 13:52:32,31.93,316,32.41334194
